# Join Operations in Action

	Using mysql, to explain join operations: 
	
	1. create a departments table with 5 distinct 
	departments (do not assign 2 of these departments 
	to any employee)
	
	2. create 8 employees, where assign 5 of them to 3 
	departments, and for 3 of them, set the departments 
	to NULL. 
	
	Then come up with all joins in sql and give 
	a natural language query as well for understanding, 
	then give sample rows for both tables and output 
	for all joins

	ðŸ‘ â€” this is a classic way to teach joins in MySQL. 
	Letâ€™s carefully build this step by step.

â¸»

# 1. Create Tables

TABLE Departments:

~~~sql
CREATE TABLE Departments (
    dept_id INT PRIMARY KEY,
    dept_name VARCHAR(50)
);
~~~

TABLE Employees:

~~~sql
CREATE TABLE Employees (
    emp_id INT PRIMARY KEY,
    emp_name VARCHAR(50),
    dept_id INT NULL,
    FOREIGN KEY (dept_id) REFERENCES Departments(dept_id)
);
~~~

â¸»

# 2. Insert Sample Data

Departments (5 total, 2 unassigned)

~~~sql
INSERT INTO Departments (dept_id, dept_name) 
VALUES
(1, 'HR'),
(2, 'Finance'),
(3, 'Engineering'),
(4, 'Marketing'),   -- not assigned to any employee
(5, 'Legal');       -- not assigned to any employee
~~~

Employees (8 total, 5 assigned, 3 NULL)

~~~sql
INSERT INTO Employees (emp_id, emp_name, dept_id) 
VALUES
(1, 'Alice', 1),   -- HR
(2, 'Bob', 2),     -- Finance
(3, 'Charlie', 3), -- Engineering
(4, 'David', 1),   -- HR
(5, 'Eve', 2),     -- Finance
(6, 'Frank', NULL),
(7, 'Grace', NULL),
(8, 'Heidi', NULL);
~~~

## View Tables:

```sql
mysql> select * from Departments;
+---------+-------------+
| dept_id | dept_name   |
+---------+-------------+
|       1 | HR          |
|       2 | Finance     |
|       3 | Engineering |
|       4 | Marketing   |
|       5 | Legal       |
+---------+-------------+
5 rows in set (0.001 sec)

mysql> select * from employees;
+--------+----------+---------+
| emp_id | emp_name | dept_id |
+--------+----------+---------+
|      1 | Alice    |       1 |
|      2 | Bob      |       2 |
|      3 | Charlie  |       3 |
|      4 | David    |       1 |
|      5 | Eve      |       2 |
|      6 | Frank    |    NULL |
|      7 | Grace    |    NULL |
|      8 | Heidi    |    NULL |
+--------+----------+---------+
8 rows in set (0.001 sec)
```
â¸»

# 3. Sample Rows

Departments

~~~
dept_id    dept_name
1          HR
2          Finance
3          Engineering
4          Marketing
5          Legal
~~~

Employees

~~~
emp_id    emp_name    dept_id
1         Alice       1
2         Bob         2
3         Charlie     3
4         David       1
5         Eve         2
6         Frank       NULL
7         Grace       NULL
8         Heidi       NULL
~~~

â¸»

# 4. All Join Types in SQL

## Cross Join of Employees and Departments Tables

```sql
SELECT e.emp_id, 
       e.emp_name, 
       e.dept_id AS e_dept_id,
       d.dept_id AS d_dept_id,
       dept_name
FROM employees e,
     departments d;
     
Output has 40 rows = 5 rows in departments
                     8 rows in employees
                     
                 40 = 5 * 8

+--------+----------+-----------+-----------+-------------+
| emp_id | emp_name | e_dept_id | d_dept_id | dept_name   |
+--------+----------+-----------+-----------+-------------+
|      1 | Alice    |         1 |         5 | Legal       |
|      1 | Alice    |         1 |         4 | Marketing   |
|      1 | Alice    |         1 |         3 | Engineering |
|      1 | Alice    |         1 |         2 | Finance     |
|      1 | Alice    |         1 |         1 | HR          |
|      2 | Bob      |         2 |         5 | Legal       |
|      2 | Bob      |         2 |         4 | Marketing   |
|      2 | Bob      |         2 |         3 | Engineering |
|      2 | Bob      |         2 |         2 | Finance     |
|      2 | Bob      |         2 |         1 | HR          |
|      3 | Charlie  |         3 |         5 | Legal       |
|      3 | Charlie  |         3 |         4 | Marketing   |
|      3 | Charlie  |         3 |         3 | Engineering |
|      3 | Charlie  |         3 |         2 | Finance     |
|      3 | Charlie  |         3 |         1 | HR          |
|      4 | David    |         1 |         5 | Legal       |
|      4 | David    |         1 |         4 | Marketing   |
|      4 | David    |         1 |         3 | Engineering |
|      4 | David    |         1 |         2 | Finance     |
|      4 | David    |         1 |         1 | HR          |
|      5 | Eve      |         2 |         5 | Legal       |
|      5 | Eve      |         2 |         4 | Marketing   |
|      5 | Eve      |         2 |         3 | Engineering |
|      5 | Eve      |         2 |         2 | Finance     |
|      5 | Eve      |         2 |         1 | HR          |
|      6 | Frank    |      NULL |         5 | Legal       |
|      6 | Frank    |      NULL |         4 | Marketing   |
|      6 | Frank    |      NULL |         3 | Engineering |
|      6 | Frank    |      NULL |         2 | Finance     |
|      6 | Frank    |      NULL |         1 | HR          |
|      7 | Grace    |      NULL |         5 | Legal       |
|      7 | Grace    |      NULL |         4 | Marketing   |
|      7 | Grace    |      NULL |         3 | Engineering |
|      7 | Grace    |      NULL |         2 | Finance     |
|      7 | Grace    |      NULL |         1 | HR          |
|      8 | Heidi    |      NULL |         5 | Legal       |
|      8 | Heidi    |      NULL |         4 | Marketing   |
|      8 | Heidi    |      NULL |         3 | Engineering |
|      8 | Heidi    |      NULL |         2 | Finance     |
|      8 | Heidi    |      NULL |         1 | HR          |
+--------+----------+-----------+-----------+-------------+
40 rows in set (0.001 sec) 
```    
â¸»

## A. INNER JOIN

Show employees that are assigned to departments.

~~~sql
SELECT 
       e.emp_name, 
       d.dept_name
FROM 
       Employees e
INNER JOIN Departments d ON e.dept_id = d.dept_id;
~~~

Output

~~~
+----------+-------------+
| emp_name | dept_name   |
+----------+-------------+
| Alice    | HR          |
| David    | HR          |
| Bob      | Finance     |
| Eve      | Finance     |
| Charlie  | Engineering |
+----------+-------------+
5 rows in set (0.001 sec)
~~~

â¸»

## B. LEFT JOIN

Show all employees, even if they donâ€™t belong to a department.

~~~sql
SELECT 
       e.emp_name, 
       d.dept_name
FROM 
       Employees e
LEFT JOIN Departments d ON e.dept_id = d.dept_id;
~~~

Output

~~~
+----------+-------------+
| emp_name | dept_name   |
+----------+-------------+
| Alice    | HR          |
| Bob      | Finance     |
| Charlie  | Engineering |
| David    | HR          |
| Eve      | Finance     |
| Frank    | NULL        |
| Grace    | NULL        |
| Heidi    | NULL        |
+----------+-------------+
8 rows in set (0.001 sec)

~~~

â¸»

## C. RIGHT JOIN

Show all departments, even if no employees are assigned.

~~~sql
SELECT 
       e.emp_name, 
       d.dept_name
FROM 
       Employees e
RIGHT JOIN Departments d ON e.dept_id = d.dept_id;
~~~

Output

~~~
+----------+-------------+
| emp_name | dept_name   |
+----------+-------------+
| Alice    | HR          |
| David    | HR          |
| Bob      | Finance     |
| Eve      | Finance     |
| Charlie  | Engineering |
| NULL     | Marketing   |
| NULL     | Legal       |
+----------+-------------+
7 rows in set (0.001 sec)
~~~

â¸»

## D. FULL OUTER JOIN

	NOTE: MySQL doesnâ€™t support FULL JOIN directly, 
	but we can emulate it with UNION of left + right joins.)

~~~sql
SELECT e.emp_name, d.dept_name
FROM Employees e
LEFT JOIN Departments d ON e.dept_id = d.dept_id

UNION

SELECT e.emp_name, d.dept_name
FROM Employees e
RIGHT JOIN Departments d ON e.dept_id = d.dept_id;
~~~

Output

~~~
+----------+-------------+
| emp_name | dept_name   |
+----------+-------------+
| Alice    | HR          |
| Bob      | Finance     |
| Charlie  | Engineering |
| David    | HR          |
| Eve      | Finance     |
| Frank    | NULL        |
| Grace    | NULL        |
| Heidi    | NULL        |
| NULL     | Marketing   |
| NULL     | Legal       |
+----------+-------------+
10 rows in set (0.001 sec)
~~~

â¸»

## 5. Summary in Words

    â€¢    INNER JOIN â†’ only employees with valid departments.
    
    â€¢    LEFT JOIN â†’ all employees, with or without departments.
    
    â€¢    RIGHT JOIN â†’ all departments, with or without employees.
    
    â€¢    FULL OUTER JOIN â†’ all employees + all departments,
                           with NULLs where no match.

â¸»

## We want departments that have no employees assigned.

**Solution 1: Using LEFT JOIN + WHERE IS NULL**

~~~sql
SELECT d.dept_id, d.dept_name
FROM Departments d
LEFT JOIN Employees e ON d.dept_id = e.dept_id
WHERE e.emp_id IS NULL;
~~~

Explanation:

	â€¢	LEFT JOIN keeps all departments.
	â€¢	If no employee matches, e.emp_id will be NULL.
	â€¢	Filtering on WHERE e.emp_id IS NULL gives departments with no employees.


ðŸŽ¯ Sample Output (from our dataset)

~~~
+---------+-----------+
| dept_id | dept_name |
+---------+-----------+
|       4 | Marketing |
|       5 | Legal     |
+---------+-----------+
2 rows in set (0.001 sec)
~~~

**Solution 2: Using NOT IN**

~~~sql
SELECT dept_id, dept_name
FROM Departments
WHERE dept_id NOT IN (
                       SELECT DISTINCT dept_id 
                       FROM Employees 
                       WHERE dept_id IS NOT NULL
                     );

+---------+-----------+
| dept_id | dept_name |
+---------+-----------+
|       4 | Marketing |
|       5 | Legal     |
+---------+-----------+
2 rows in set (0.001 sec)


~~~

