# SQL Aggregate Functions

	Create a simple but effective schema in mysql 
	for each aggregate function provide a solid 
	example with output

	ðŸ‘ â€” hereâ€™s the same content reformatted into a 
	Markdown slide deck.

â¸»

## SQL Aggregate Functions (MySQL Examples)

* AVG, 
* MIN, 
* MAX, 
* SUM, 
* COUNT

â¸»

# Slide 1: Schema and Sample Data

~~~sql
CREATE TABLE sales (
  id INT,
  product VARCHAR(20),
  amount DECIMAL(10, 2)
);

INSERT INTO sales VALUES
(1, 'Book', 50.00),
(2, 'Pen', 5.00),
(3, 'Book', 30.00),
(4, 'Bag', 70.00),
(5, 'Pen', 8.00),
(6, 'Book', NULL),
(7, 'PC', 12.00);
~~~

ðŸ“Š sales table

~~~
mysql> select * from sales;
+------+---------+--------+
| id   | product | amount |
+------+---------+--------+
|    1 | Book    |  50.00 |
|    2 | Pen     |   5.00 |
|    3 | Book    |  30.00 |
|    4 | Bag     |  70.00 |
|    5 | Pen     |   8.00 |
|    6 | Book    |   NULL |
|    7 | PC      |  12.00 |
+------+---------+--------+
7 rows in set (0.000 sec)
~~~

â¸»

## Slide 2: AVG, MIN, MAX

* -- Average

~~~sql
SELECT AVG(amount) AS avg_amount
FROM sales;
+------------+
| avg_amount |
+------------+
|  29.166667 |
+------------+
1 row in set (0.000 sec)

mysql> select (50.00+5.00+30.00+70.00+8.00+12.00)/6.0;
+-----------------------------------------+
| (50.00+5.00+30.00+70.00+8.00+12.00)/6.0 |
+-----------------------------------------+
|                               29.166667 |
+-----------------------------------------+
1 row in set (0.000 sec)


(NULL ignored)

SELECT AVG(amount) AS avg_amount,
       count(amount) as cnt, 
       GROUP_CONCAT(amount) AS list_of_amout 
FROM sales;
+------------+-----+-----------------------------------+
| avg_amount | cnt | list_of_amout                     |
+------------+-----+-----------------------------------+
|  29.166667 |   6 | 50.00,5.00,30.00,70.00,8.00,12.00 |
+------------+-----+-----------------------------------+
1 row in set (0.000 sec)
~~~

* -- Minimum

~~~sql
SELECT MIN(amount) 
FROM sales;

+-------------+
| MIN(amount) |
+-------------+
|        5.00 |
+-------------+
1 row in set (0.000 sec)
~~~

* -- Maximum

~~~sql
SELECT MAX(amount) 
FROM sales;

+-------------+
| MAX(amount) |
+-------------+
|       70.00 |
+-------------+
1 row in set (0.000 sec)
~~~

â¸»

# Slide 3: SUM and COUNT

* -- Total sum

~~~sql
SELECT SUM(amount) 
FROM sales;

+-------------+
| SUM(amount) |
+-------------+
|      175.00 |
+-------------+
1 row in set (0.000 sec)
~~~

* -- Count all rows

~~~sql
SELECT COUNT(*) 
FROM sales;

+----------+
| COUNT(*) |
+----------+
|        7 |
+----------+
1 row in set (0.001 sec)
~~~

* -- Count non-NULL values


~~~sql
SELECT COUNT(amount) 
FROM sales;

+---------------+
| COUNT(amount) |
+---------------+
|             6 |
+---------------+
1 row in set (0.000 sec)
~~~

â¸»

# Slide 4: Aggregates with GROUP BY

~~~sql
mysql> select * from sales;
+------+---------+--------+
| id   | product | amount |
+------+---------+--------+
|    1 | Book    |  50.00 |
|    2 | Pen     |   5.00 |
|    3 | Book    |  30.00 |
|    4 | Bag     |  70.00 |
|    5 | Pen     |   8.00 |
|    6 | Book    |   NULL |
|    7 | PC      |  12.00 |
+------+---------+--------+
7 rows in set (0.000 sec)

SELECT product,
       COUNT(amount) AS num_sales,
       AVG(amount)   AS avg_amount,
       SUM(amount)   AS total_amount
FROM sales
GROUP BY product;
~~~

âœ… Results:

```sql
mysql> SELECT product,
    ->        COUNT(amount) AS num_sales,
    ->        AVG(amount)   AS avg_amount,
    ->        SUM(amount)   AS total_amount
    -> FROM sales
    -> GROUP BY product;
+---------+-----------+------------+--------------+
| product | num_sales | avg_amount | total_amount |
+---------+-----------+------------+--------------+
| Book    |         2 |  40.000000 |        80.00 |
| Pen     |         2 |   6.500000 |        13.00 |
| Bag     |         1 |  70.000000 |        70.00 |
| PC      |         1 |  12.000000 |        12.00 |
+---------+-----------+------------+--------------+
4 rows in set (0.000 sec)



SELECT product,
       COUNT(amount)        AS num_sales,
       ROUND(AVG(amount))   AS avg_amount_rounded,
       SUM(amount)          AS total_amount
FROM sales
GROUP BY product;

+---------+-----------+--------------------+--------------+
| product | num_sales | avg_amount_rounded | total_amount |
+---------+-----------+--------------------+--------------+
| Book    |         2 |                 40 |        80.00 |
| Pen     |         2 |                  7 |        13.00 |
| Bag     |         1 |                 70 |        70.00 |
| PC      |         1 |                 12 |        12.00 |
+---------+-----------+--------------------+--------------+
4 rows in set (0.000 sec)


SELECT product,
       COUNT(amount)        AS num_sales,
       ROUND(AVG(amount))   AS avg_amount_rounded,
       SUM(amount)          AS total_amount,
       GROUP_CONCAT(amount) AS list_of_amount
FROM sales
GROUP BY product;

+---------+-----------+--------------------+--------------+----------------+
| product | num_sales | avg_amount_rounded | total_amount | list_of_amount |
+---------+-----------+--------------------+--------------+----------------+
| Bag     |         1 |                 70 |        70.00 | 70.00          |
| Book    |         2 |                 40 |        80.00 | 50.00,30.00    |
| PC      |         1 |                 12 |        12.00 | 12.00          |
| Pen     |         2 |                  7 |        13.00 | 5.00,8.00      |
+---------+-----------+--------------------+--------------+----------------+
4 rows in set (0.000 sec)
```

â¸»


# Slide 5: How NULL Affects Aggregates

    â€¢    NULL values are ignored in most aggregates 
        (AVG, SUM, MIN, MAX, COUNT(column)).
        
    â€¢    But COUNT(*) counts all rows, including 
         those with NULL.

* ðŸ“Š Example

~~~sql
SELECT COUNT(*) AS total_rows,
       COUNT(amount) AS non_null_rows,
       SUM(amount) AS total_amount,
       AVG(amount) AS avg_amount
FROM sales;
~~~

âœ… Output:

~~~
mysql> SELECT COUNT(*) AS total_rows,
    ->        COUNT(amount) AS non_null_rows,
    ->        SUM(amount) AS total_amount,
    ->        AVG(amount) AS avg_amount
    -> FROM sales;
+------------+---------------+--------------+------------+
| total_rows | non_null_rows | total_amount | avg_amount |
+------------+---------------+--------------+------------+
|          6 |             5 |       163.00 |  32.600000 |
+------------+---------------+--------------+------------+
1 row in set (0.001 sec)
~~~

ðŸ‘‰ Notice:

    â€¢    Row with NULL counted in COUNT(*), 
         but ignored in others.

â¸»


## ðŸŽ“ Aggregate Functions with HAVING

ðŸ”¹ Key Idea

    â€¢    WHERE â†’ filters before grouping
    
    â€¢    HAVING â†’ filters after grouping 
         (on aggregate results)

â¸»

## Example Schema

~~~sql
CREATE TABLE sales (
    id INT,
    product VARCHAR(20),
    amount DECIMAL(10,2)
);

INSERT INTO sales VALUES
(1, 'Book', 50.00),
(2, 'Pen', 5.00),
(3, 'Book', 30.00),
(4, 'Bag', 70.00),
(5, 'Pen', 8.00),
(6, 'Book', 20.00);
~~~

ðŸ“Š sales table

~~~
id    product    amount
1     Book       50.00
2     Pen         5.00
3     Book       30.00
4     Bag        70.00
5     Pen         8.00
6     Book       20.00
~~~

â¸»

## Example 1: Total Sales per Product

~~~sql
SELECT product,
       SUM(amount) AS total_sales
FROM sales
GROUP BY product;
~~~

âœ… Output:

~~~
product    total_sales
Book       100.00
Pen         13.00
Bag         70.00
~~~

â¸»

## Example 2: Using HAVING

ðŸ‘‰ Find products with total sales greater than 50.

~~~sql
SELECT product,
       SUM(amount) AS total_sales
FROM sales
GROUP BY product
HAVING SUM(amount) > 50;
~~~

âœ… Output:

~~~
+---------+-------------+
| product | total_sales |
+---------+-------------+
| Book    |       80.00 |
| Bag     |       70.00 |
+---------+-------------+
2 rows in set (0.001 sec)
~~~

â¸»

## Example 3: Combining WHERE + HAVING

ðŸ‘‰ Filter rows before grouping and then after grouping.

	-- Consider only sales > 10 (WHERE)
	-- Then find products with avg sale > 30 (HAVING)

~~~sql
SELECT product,
       AVG(amount) AS avg_amount
FROM sales
WHERE amount > 10
GROUP BY product
HAVING AVG(amount) > 30;
~~~

âœ… Output:

~~~
+---------+------------+
| product | avg_amount |
+---------+------------+
| Book    |  40.000000 |
| Bag     |  70.000000 |
+---------+------------+
2 rows in set (0.001 sec)
~~~

Re-write SQL Query:

~~~sql
SELECT product,
       AVG(amount) AS avg_amount
FROM sales
WHERE amount > 10
GROUP BY product
HAVING avg_amount > 30;

+---------+------------+
| product | avg_amount |
+---------+------------+
| Book    |  40.000000 |
| Bag     |  70.000000 |
+---------+------------+
2 rows in set (0.001 sec)
~~~

â¸»

